,URL,Conteúdo
0,https://www.uol.com.br/play/videos/nossa/2022/07/01/tem-brunch-na-churrasqueira-com-bacon-batata-rosti-e-ovos-feitos-na-brasa.htm,"Se na primeira temporada de ""Cozinha por Aí"" o verão ditou os lugares visitados pelo influenciador Pedro de Bem, na segunda temporada do programa o destino é um convite para viver o inverno: a Serra Catarinense.As temperaturas abaixo de zero pintam de branco paisagens de cidades como Urubici e trazem um encanto especial para cenários de cânions, cachoeiras e campos que serão o pano de fundo para as receitas do 'Cozinha por Aí'. No programa de estreia, o cozinheiro monta a churrasqueira na zona rural da bucólica cidade de Alfredo Wagner e se aquece preparando um delicioso brunch na brasa.Brunch na churrasqueiraImagem: UOLO menu completo deste mix de café da manhã e almoço — perfeito para compartilhar com família e amigos em torno da churrasqueira no friozinho — tem bacon, linguiça, pãozinho e duas receitas ótimas para reproduzir em casa: ovos mexidos cremosos como os de hotel e ashash browns, que são batatas raladas e depois douradas na frigideira tipo as batatas rosti.Confira o passo a passo completo de cada uma delas clicando nas imagens abaixo:Ovos mexidosDificuldade Fácil2 porçõesVer receita completaBatata hash brown (rosti)Dificuldade FácilVer receita completaBora turistarNa temporada de inverno, além de levar sua parrilla para cozinhar com vista para os belos cenários da Serra Catarinense, Pedro também apresenta os melhores programas turísticos para fazer na região.Neste episódio, ele parte de Alfredo Wagner e percorre 50 minutos na estrada para chegar a Urubici, conhecida não só por ser uma das cidades mais frias do Brasil como por suas paisagens e as opções de lazer em contato com a natureza.É imperdível visitar, por exemplo, a Cascata Véu de Noiva, uma queda d'água de 62 metros, próxima da Estrada Geral do Morro da Igreja, que desce suntuosa e organizada pelas pedras — gerando uma visão que faz jus ao seu nome.Cascata Véu de Noiva, em UrubiciImagem: UOLA atração fica dentro de uma propriedade privada. Paga-se 20 reais para entrar, mas tem estacionamento, tirolesa e restaurante.A 280 metros dali, outra atividade faz valer o passeio. É a Cachoeira dos Namorados, cujo acesso é feito por uma íngreme escadinha de madeira. O esforço vale a pena. Confira no vídeo as panorâmicas dessas atrações da Serra Catarinense e se inspire para suas próximas viagens!Cozinha por aí2ª temporada!Alfredo Wagner, em Santa CatarinaImagem: UOLInverno é sinônimo de viagem, serra, cachoeira e natureza. E também pede receitas quentes, práticas e saborosas para dividir com a família e amigos. A sérieCozinha por aíreúne todos esses atributos. Assista toda semana um novo episódio aqui no Canal UOL e noYouTube de Nossa(ese inscreva já no canalpara receber os lembretes dos novos vídeos)."
1,https://www.uol.com.br/play/videos/nossa/2022/07/08/costelinha-ao-barbecue-em-casa-e-possivel-aprenda-no-forno-e-churrasqueira.htm,"Se é bom comer costelinha ao molho barbecue no restaurante, imagina em casa. Dá para sujar os dedos e devorar cada ripa à vontade.Neste ""Cozinha por Aí"", o apresentador Pedro de Bem mostra o passo a passo para deixar a receita, que pode ser feita no calor da brasa ou do forno, saborosa e macia.Clique na imagem abaixo e confira a receita completa:Costelinha com molho barbecueDificuldade FácilVer receita completaEle acende a churrasqueira instalada num lindo campo em Alfredo Wagner, na Serra Catarinense, e começa preparando o molho agridoce.Diferente do convencional, o preparo usa sachê de chá preto como base e páprica e mostarda como temperos. Há também alguns ingredientes que não podem faltar. Entre eles, o vinagre branco e o açúcar mascavo.Churrasqueira instalada no campo de Alfredo WagnerImagem: UOLPara a carne, a dica principal é envolvê-la em camadas e mais camadas de papel alumínio e assar em duas etapas: primeiro com temperos básicos e depois com o barbecue.Turismo no topoda Serra CatarinenseEstrada de terra íngreme: mais fácil de subir com carros altosImagem: UOLUrubici é a terra das cascatas. Prova disso é queno último episódio Pedro conheceu uma queda d'água de 62 metrosque desce suntuosa pelas pedras a ponto de ser chamada de Véu de Noiva.Mas dessa vez o que surpreende é uma vista do alto. No topo do Morro do Parapente, cujo acesso se dá por estrada de terra íngrime, há uma instalação que tem até mini fazenda e bar.O lugar atrai não só quem se interessa pela prática de voo livre como também o público mais comedido, que prefere usufruir da paisagem com os pés fincados no deck.Balanço com vistaImagem: UOLPedro superando o medoImagem: UOLOutro atrativo é o balanço de frente para o precipício. Jogue as suas pernas para frente e peça para algum amigo tirar foto. O cenário rende ótimas fotos para as redes sociais, principalmente no pôr do sol.Se quiser curtir o passeio sem nenhum desconforto, leve casaco. Pedro avisa:O Morro do Parapente é um dos lugares mais altos de Urubici, que, por sua vez, é um dos lugares mais frios do país"".Cozinha por Aí2ª temporada!Imagem: UOLInverno é sinônimo de viagem, serra, cachoeira e natureza. E também pede receitas quentes, práticas e saborosas para dividir com a família e amigos. A sérieCozinha por Aíreúne todos esses atributos. Assista toda semana um novo episódio aqui no Canal UOL e noYouTube de Nossa(ese inscreva já no canalpara receber os lembretes dos novos vídeos)."
2,https://www.uol.com.br/play/videos/nossa/2022/08/12/dificil-so-no-nome-veja-como-fazer-o-schnitzel-um-bife-de-porco-a-milanesa.htm,"Uma viagem pela Áustria ou Alemanha não fica completa sem provar um bom schnitzel, o prato principal deste episódio do""Cozinha por Aí"".Trata-se de uma carne 'batida' para criar bifes geralmente bem finos que são empanados e fritos. Pedro de Bem optou pelo corte suíno, um dos queridinhos na Alemanha (clique abaixo e veja a receita escrita), mas é possível encontrá-lo em em outras versões.Schnitzel (bife porco à milanesa)Dificuldade Fácil4 porções30 minVer receita completaNa Áustria, um dos mais clássicos é o Wiener Schnitzel, feito com carne de vitela. Mas não estranhe se na viagem pelos países germânicos topar com o hänschenschnitzel, de frango; o putenschnitzel, com carne de peru; e até mesmo o vegetarische Scnhitzel, a opção vegetariana do prato.Confira no vídeo o passo a passo com a carne de porco e teste em casa com o corte de sua preferência! Para acompanhar, Pedro de Bem ensina uma maionese de batatas ao estilo alemão, deliciosa e sem firulas.Schnitzel com maionese de batata ao estilo alemãoImagem: Cozinha por aí/UOLCozinha por aí2ª temporada!Costelinha ao barbecue foi receita desta temporada do Cozinha Por AíImagem: UOLInverno é sinônimo de viagem, serra, cachoeira e natureza. E também pede receitas quentes, práticas e saborosas para dividir com a família e amigos. A sérieCozinha por Aíreúne todos esses atributos. Assista toda semana um novo episódio aqui no Canal UOL e noYouTube de Nossa(ese inscreva já no canalpara receber os lembretes dos novos vídeos)."
3,https://www.uol.com.br/play/videos/nossa/2022/07/29/tortilha-de-batata-e-cebola-assista-como-fazer-a-incrivel-omelete-da-espanha.htm,"Ela é um clássico espanhol — e não apenas no almoço ou no jantar. Nos bares e cafeterias, está lá no balcão a tortilha de batata para acompanhar umacervezaou o cafezinho. E vai para a marmita do trabalho com a facilidade de ser um prato potente, compacto para levar e prático para esquentar no micro-ondas.E, claro, tem as refeições. A tortilha é um acompanhamento perfeito para carnes e até mesmo faz as vezes de prato principal já que, versátil, permite caprichar nos ingredientes adicionais, como linguiça, frios e legumes.Neste""Cozinha Por Aí"", Pedro de Bem mostra como fazer esta prática e saborosa receita espanhola com batatas, cebola e ovos. Como propõe o programa, ele usa a churrasqueira, mas você pode fazer no fogão de casa.Confira o passo a passo de como fazer no fogão clicando na imagem abaixo:Tortilha de batataDificuldade Fácil5 porções40 minVer receita completaA primeira etapa é aquecer uma quantidade generosa de azeite. ""Eles têm alguns dos melhores do mundo"", diz o apresentador sobre a tradição mediterrânea de se extrair o óleo da azeitona.A batata e a cebola são cortadas em rodelas finas e confitadas, o que significa que amolecem no calor da gordura de oliva.Batata e cebola no azeiteImagem: UOLTortilha alta e pedaçudaImagem: Getty Images/iStockphotoDepois, o excesso de azeite é retirado para dar lugar aos ovos batidos, que cozinham, ""agarram"" os vegetais e formam uma bela crostinha dourada.A receita é fácil, desde que garanta a frigideira antiaderente para virar a tortilha e tostar do outro lado sem medo de quebrar.De olho na Serra do Rio do RastroNo episódio, Pedro segue o seu trajeto pela Serra Catarinense, que é o grande destino desta segunda temporada, e acha mais uma paisagem de tirar o fôlego.Paisagem bucólica do Mirante do Alto da Boa VistaImagem: UOLDessa vez, não écachoeiras com atraçõesradicais,incríveis grutas 'secretas', nemcânions que não deixam a dever a nenhuma paisagem gringa, mas uma estrada. De cima do Mirante do Alto da Boa Vista, ele avista aSerra do Rio do Rastro, considerada em 2015 uma das mais cênicas do mundo pelo jornal britânico ""The Guardian"".Embora os dois pontos estejam 171 quilômetros distantes (para quem vai de carro), a altura da principal atração da cidade de Rancho Queimado é o bastante para enxergar a rota sinuosa e premiada que desafia motoristas.Mesmo se o céu não estiver tão aberto assim, a subida no Mirante compensa pelo cenário bucólico com apenas uma casinha e muita, muita natureza.Cozinha por aí2ª temporada!O Mirante da Serra da Boa VistaImagem: UOLInverno é sinônimo de viagem, serra, cachoeira e natureza. E também pede receitas quentes, práticas e saborosas para dividir com a família e amigos. A sérieCozinha por Aíreúne todos esses atributos. Assista toda semana um novo episódio aqui no Canal UOL e noYouTube de Nossa(ese inscreva já no canalpara receber os lembretes dos novos vídeos)."
4,https://www.uol.com.br/play/videos/nossa/2022/07/22/sopa-de-cebola-a-moda-francesa-esbanja-sabor-com-caramelizacao-e-manteiga.htm,"De sopa o francês entende. E essa receita que estrela o programa ""Cozinha Por Aí"", em que o influenciador Pedro de Bem faz pratos apetitosos em meio à natureza, é prova disso.Documentada pela primeira vez em 1651, a pedida tem processos que precisam ser respeitados para atingir o máximo do sabor.Confira a receita completa clicando na imagem abaixo:Sopa de cebolaDificuldade FácilVer receita completaVai valer a pena caramelizar a cebola cortada em rodelas sem açúcar e com calma na manteiga. O vegetal fica pedaçudo e o caldo é formado por vinho tinto maiscaldo de legumesou de carne.Cebola caramelizaImagem: UOLSopa fica pedaçudaImagem: UOLQueijo gruyère ou parmesão ralado na hora é a cereja do bolo — ops, da sopa. Ao passo que o ingrediente derrete e gratina no forno, os olhos crescem e a boca se enche d'água.Receita fumegante é boa para invernoImagem: UOLTem cânion em SC!Santa Catarina está longe de ser só praia. Na divisa com o Rio Grande do Sul e no interior do estado, há cadeias de montanhas com fendas que dão origem a cânions que valem a visita.Pedro de Bem no cânionImagem: UOLO Arroio do LeãoImagem: UOLNeste episódio, Pedro visita o Arroio do Leão, em Alfredo Wagner. O local é acessado pela estrada Geral do Caeté e fica dentro de uma propriedade privada.A própria família guia os visitantes até a entrada da fenda, cujo paredão atinge os 25 metros. Os mais aventureiros podem conhecê-la por dentro. Para isso, no entanto, é preciso enfrentar o córrego que por vezes chega à altura da cintura.A água dá uma trégua no verão, quando fica mais fácil aproveitar o passeio e chegar a uma pequena cachoeira.Cozinha por aí2ª temporada!Alfredo Wagner (SC)Imagem: UOLInverno é sinônimo de viagem, serra, cachoeira e natureza. E também pede receitas quentes, práticas e saborosas para dividir com a família e amigos. A sérieCozinha por Aíreúne todos esses atributos. Assista toda semana um novo episódio aqui no Canal UOL e noYouTube de Nossa(ese inscreva já no canalpara receber os lembretes dos novos vídeos)."
5,https://www.uol.com.br/nossa/noticias/redacao/2022/05/24/chimarrao-e-jeitinho-gaucho-de-se-aquecer-no-frio-aprenda-a-fazer-em-casa.htm,"Fazer e beber chimarrão é lei no desjejum gaúcho. Mas a tradição não se restringe ao café da manhã. Como é bem-vinda depois do almoço ou mesmo no final da tarde, a chaleira fica o dia todo em cima do fogão pronta aquecer a água usada na infusão do mate.Matéria-prima da bebida, a ervanativada região subtropical da América do Sul é seca, torrada e triturada e define o sabor amargo do chimarrão, cujo consumo se relaciona com os índios Guaranis.PublicidadeNo programa ""Cozinha por Aí"", o apresentador porto-alegrense Pedro de Bem, conhecido nas redes sociais por Pedro Rakun, explica como preparar a especialidade, ideal para aquecer o corpinho nesteinverno antecipado.Ideias fumegantesReceitas para se aquecer nesta frente fria, de sopa a chocolate quenteFondue em casa: receitas fáceis, doces e salgadas, para curtir o friozinhoSustentável, lareira ecológica é boa opção para esquentar a casa no frioO chimarrão é muito comum no Rio Grande do Sul, no Uruguai, na Argentina e até em Santa Catarina"".ReceitaSiga o passo a passoChimarrão: bebida gaúcha é perfeita para espantar o frioImagem: Getty ImagesUTENSÍLIOS E INGREDIENTESCuia: a tradicional é de porongo, fruto que parece um vaso de barro com gargalo estreitoErva-mateÁgua quente (quando começar a formar bolhas de ar e estiver prestes a ferver, está na temperatura ideal)Bomba com filtro na ponta (espécie de canudinho que não deixa o mate chegar à boca)MODO DE PREPAROErva-mate é facilmente encontrada em mercadosImagem: Matias Fabbri/Getty Images/iStockphotoColoque a erva até chegar na parte estreita da cuia. Tampe a abertura com a mão e incline o utensílio de modo a assentar o mate de um só lado.Acrescente a água quente do outro lado, de cantinho. Conforme for enchendo a cuia, pare de inclinar e volte a deixá-la reta.Para inserir a bomba, aperte o polegar na saída de cima, criando um vácuo para o ""canudinho"" não entupir. Mergulhe lentamente na água.Após posicionar a bomba no fundo, solte o dedo e não mexa mais. Por fim, adicione água quente até encher completamente a cuia, conforme demonstrado no vídeo do topo da matéria.Relembre a temporada!Porto Alegre: última parada da tour pelo Rio Grande do SulImagem: Cozinha por Aí/UOLQuer mais receitas na brasa e belos cenários ao sul do país? Assista aos preparos debife anchoecamarõesna praia deAtlântida, aprenda a fazerespetinhosepeixe na brasaàs margens do rio na linda região deMaquiné, confira abarriga de porcoem Cachoeira do Sul e entenda todo o processo donhoque de mandioquinha, dapizza na churrasqueirae dopancho, o hot doguruguaio, no vinhedo Altos da Pinta,na cidade de Pinto Bandeira"
6,https://www.uol.com.br/nossa/noticias/redacao/2022/04/10/banana-com-doce-de-leite-e-ideia-perfeita-para-sobremesa-de-ultima-hora.htm,"Tem horas que só um docinho salva. E quanto mais fácil e rápido de preparar, melhor fica. Pedro de Bem, apresentador do ""Cozinha por Aí"", é craque em ideias simples, mas deliciosas.Ele já ensinou a transformar umabarra de chocolate numa sobremesa lindae, agora, mostra como garantir a dose de açúcar usando só dois ingredientes: banana e doce de leite.PublicidadeFunciona assim: corte a banana ao meio, com casca e tudo, mas sem chegar até o outro lado. Com os dedos amasse as duas laterais abrindo um espaço para colocar o recheio.Três doces com bananaCuca de banana é receita perfeita para o fim de semana; veja como fazerBanoffee: aprenda a preparar a torta-desejo em 13 diferentes versõesVersão abrasileirada do banana bread leva até cachaça; aprenda a receitaBanana na churrasqueira ou no forno: fica uma delícia dos dois jeitosImagem: Cozinha por Aí/UOLCom a ajuda de uma colher ou de uma bisnaga, coloque uma quantidade caprichada de doce de leite dentro da fruta e leve-a para assar na grelha da churrasqueira até que a casca fique escura e a parte interna esteja macia. ""Uns 15 minutos costumam ser suficientes"", diz Pedro.Quem quiser fazer a pedida direto no forno do fogão, vale a pena dividir o processo em dois. Primeiro, asse a banana fechadinha até atingir o ponto.Doce de leite dentro da banana: sobremesa rápidaImagem: Cozinha por Aí/UOLDepois, abra espaço para rechear e volte ao calor rapidamente para aquecer o doce de leite. Apesar da mudança, a principal vantagem da sobremesa continua a mesma: é pá-pum!Cozinha por AíRelembre a temporadaNa 1ª temporada de ""Cozinha por Aí"", Pedro viajou pelo Rio Grande do SulImagem: Cozinha por Aí/UOLQuer mais receitas na brasa e belos cenários ao sul do país? Assista aos preparos debife anchoecamarõesna praia deAtlântida, aprenda a fazerespetinhosepeixe na brasaàs margens do rio na linda região deMaquiné, confira abarriga de porcoem Cachoeira do Sul e entenda todo o processo donhoque de mandioquinha, dapizza na churrasqueirae dopancho, o hot doguruguaio, no vinhedo Altos da Pinta,na cidade de Pinto Bandeira."
7,https://www.uol.com.br/play/videos/nossa/2022/08/05/mortadela-defumada-e-a-estrela-de-molho-para-capeletti-veja-a-receita.htm,"A salsa caruso é um molho famoso em terras uruguaias para servir com massas recheadas e macarrão. O molho branco preparado com cogumelos e presunto foi a inspiração do chef-viajante Pedro de Bem para a receita de inverno deste episódio do programa""Cozinha por Aí"".Porém, asalsadoshermanoscruzou a fronteira e chegou à Serra Catarinense, destino da segunda temporada da série, com adaptações ao gosto do apresentador, usando ingredientes locais.Veja o passo a passo no vídeo e clique na imagem abaixo para conferir a receita escrita:Molho branco com mortadela defumada e aspargosDificuldade Fácil4 porções20 minVer receita completaNesta versão, o presunto cozido dá lugar à mortadela. Pedro escolheu uma defumada e colonial, produzida na região de Alfredo Wagner, em Santa Catarina.Os cogumelos foram substituídos pelos aspargos, que também combinam com a base de creme de leite e nata que dá cremosidade ao molho.Mas você pode escolher outro embutido ou vegetal, como a vagem, por exemplo. Fique livre para fazer a receita do seu jeito e ser feliz!"" Pedro de BemNo escuro da cavernaNa sua jornada turístico-gastronômica pela Serra Catarinense, o ""Cozinha por Aí"" já desbravoucachoeiras com atraçõesradicais,incríveis grutas 'secretas',cânions que não deixam a dever a nenhuma paisagem gringaeum incrível mirantede onde se avista aSerra do Rio do Rastro, considerada uma das mais cênicas do mundo pelo jornal britânico ""The Guardian"".Neste episódio, Pedro visita a Gruta do Riozinho. Localizada em uma propriedade particular, ela tem um salão com 47 metros de comprimento e, em alguns pontos, chega a ter 20,5 metros de largura.Os visitantes podem ver ainda uma linda cachoeira de 25 metros de altura que ""protege"" a entrada da gruta e forma um lindo espetáculo natural.Deslize a galeria abaixo para ver algumas fotos:Passeio à Gruta do Riozinho1/7Cozinha por Aí/UOL2/7Cozinha por Aí/UOL3/7Cozinha por Aí/UOL4/7Cozinha por Aí/UOL5/7Cozinha por Aí/UOL6/7Cozinha por Aí/UOL7/7Cozinha por Aí/UOLVai lá >>A Gruta do Riozinho fica na zona rural de Alfredo Wagner, na localidade de Riozinho, a cinco quilômetros da SC 350. A taxa de visitação é de R$ 5 por pessoal.Mais informações.Cozinha por aí2ª temporada!Costelinha ao barbecue foi receita desta temporada do Cozinha Por AíImagem: UOLInverno é sinônimo de viagem, serra, cachoeira e natureza. E também pede receitas quentes, práticas e saborosas para dividir com a família e amigos. A sérieCozinha por Aíreúne todos esses atributos. Assista toda semana um novo episódio aqui no Canal UOL e noYouTube de Nossa(ese inscreva já no canalpara receber os lembretes dos novos vídeos)."
8,https://www.uol.com.br/play/videos/nossa/2022/07/11/feijoada-rustica-ganha-sabor-defumado-de-linguica-na-brasa-veja-receita.htm,"A brasa do ""Cozinha Por Aí"" está acesa, mas não para fazer churrasco. O tema deste episódio é outra paixão nacional: a feijoada.Para ensinar o passo a passo, o influenciador Pedro de Bem monta a churrasqueira na área rural de Alfredo Wagner, na Serra Catarinense, seu destino de aventurana segunda temporada do programa.Pedro de Bem monta a churrasqueira para fazer feijoadaImagem: UOLO calor do carvão e da lenha é usado de duas maneiras na receita. A temperatura aquece a panela de barro, onde o feijão preto cozinha, e a frigideira tradicional, usada para fritar o bacon e refogar a cebola e o alho na própria gordura.Linguiça na frigideira furada agrega sabor ao feijãoImagem: UOLJá a fumaça da brasa agrega sabor aos três tipos de linguiça (calabresa, portuguesa e paio) que compõem a pedida graças à panela cheia de furinhos.Os três processos são realizados separadamente, mas culminam no mesmo panelão.O objetivo é que terminem de cozinhar juntos para o caldo da feijoada reduzir e engrossar.Confira o preparo completo clicando na imagem abaixo e aprenda como adaptar a receita para o fogão tradicional:Feijoada de bacon e linguiçaDificuldade FácilVer receita completaGruta do Poço CertoBora para estradaQueda d'água de 42 metrosImagem: UOLA cidade que foi cenário da inusitada feijoada na churrasqueira guarda um destino turístico único. No meio da estrada Lomba Alta, uma trilha leve de 250 metros a pé leva Pedro à Gruta do Poço Certo.O lugar era um antigo cemitério indígena e hoje abriga uma capela frequentada por moradores da região e alugada para casamentos. Instalada em meio às pedras, ela tem vista para — nada mais, nada menos do que — uma cachoeira de 42 metros de altura.Altar da gruta que é cenário de casamentosImagem: UOLReligiosos ou não, os visitantes costumam se impressionar com a paisagem. Pedro reflete:Muitas vezes a gente atravessa o mundo atrás de destinos que a gente sempre sonhou e se esquece de considerar os lugares que estão do nosso ladinho. Alfredo Wagner tem me surpreendido a cada instante"".Cozinha por aí2ª temporada!Serra Catarinense: turismo por Alfredo Wagner e UrubiciImagem: UOLInverno é sinônimo de viagem, serra, cachoeira e natureza. E também pede receitas quentes, práticas e saborosas para dividir com a família e amigos. A sérieCozinha por Aíreúne todos esses atributos. Assista toda semana um novo episódio aqui no Canal UOL e noYouTube de Nossa(ese inscreva já no canalpara receber os lembretes dos novos vídeos)."
9,https://www.uol.com.br/play/videos/nossa/2022/08/19/tem-file-na-brasa-mignon-ganha-crosta-de-pimenta-em-preparo-na-grelha.htm,"Nesta temporada de inverno de""Cozinha por Aí"", o chef Pedro de Bem revisitou alguns clássicos da gastronomia utilizando a parrilla que ele levou paradestinos da Serra Catarinense.Ele ensinou suas versões datortilla de batata espanhola; dasalsa caruso, um típico molho para massas uruguaio; e também doschnitzel, o empanado de porco queridinho de alemães e austríacos.Para fechar com chave de ouro a temporada, Pedro apresenta uma variação do clássico francês filé au poivre, um mignon macio e saboroso servido com molho de pimenta.Mas com seu toque especial: o chef começa envolvendo os bifes de mignon em pimenta-do-reino levemente triturada no pilão antes de levá-los à grela da parrilla para selar todos os lados.O resultado é a formação de uma crostinha. Além disso, a carne ganha um sabor defumado para ser finalizada com o molho na frigideira.Não quer usar a churrasqueira? Sem problema. Pedro também passou a receita para ser feita apenas na frigideira. Clique abaixo e confira:Filé au poivre (mignon com molho de pimenta)Dificuldade Fácil4 porções30 minVer receita completaCozinha por aí2ª temporada!Imagem: UOLInverno é sinônimo de viagem, serra, cachoeira e natureza. E também pede receitas quentes, práticas e saborosas para dividir com a família e amigos. A sérieCozinha por Aíreúne todos esses atributos. Assista toda semana um novo episódio aqui no Canal UOL e noYouTube de Nossa(ese inscreva já no canalpara receber os lembretes dos novos vídeos)."
10,https://www.uol.com.br/nossa/noticias/redacao/2022/04/11/pao-campeiro.htm,"São muitos os motivos para dedicar uma parte do seu dia para preparar um pão campeiro em casa. Típico do Uruguai, ele faz o estilo de casca grossa, mas cultiva o interior macio e saboroso.Também não precisa de muito para dar certo. A começar pelos ingredientes, que geralmente já estão no armário da cozinha. Além do trio principal — farinha, água e sal —, leva açúcar, fermento biológico seco mais banha ou manteiga.PublicidadeQuem ensina o passo a passo é o influenciador Pedro de Bem, durante o episódio do programa ""Cozinha por Aí"", deNossa, dedicado aosanduíche gaúcho xis.Pra bancar o padeiroPão feito na churrasqueira é receita ""selvagem"" para fazer sem pressaFazer pão em casa é apaixonante e imbatível: veja utensílios para começarComo saber se o fermento está bom? Veja truque para testar antes da receitaAtivação do fermentoPão pode ser moldado do jeito que preferirImagem: Cozinha por Aí/UOLA primeira etapa da receita consiste na ativação do fermento. É ela que garante o crescimento do pão.Para isso, basta juntar a quantidade indicada em água morna, misturar com o garfo e, sem parar de mexer, verter farinha de trigo.Após formar uma mistura homogênea, espere 20 minutos para juntar aos demais ingredientes.Descanso em duas etapasCasca firme e interior macioImagem: Cozinha por Aí/UOLNa receita de Pedro, o pão passa por fermentação dupla. Isso significa que, primeiro, a massa repousa em temperatura ambiente por uma hora e meia.Depois de repartida e boleada no formato desejado, enfrenta outro processo de fermentação. Dessa vez, só de uma hora e com pano úmido por cima. Nesta etapa, ela dobrará de tamanho e estará prontinha para assar no forno.Confira a receita completa clicando na imagem abaixo:Pão campeiroDificuldade FácilVer receita completaCozinha por AíRelembre a temporadaNa 1ª temporada de ""Cozinha por Aí"", Pedro viajou pelo Rio Grande do SulImagem: Cozinha por Aí/UOLQuer mais receitas na brasa e belos cenários ao sul do país? Assista aos preparos debife anchoecamarõesna praia deAtlântida, aprenda a fazerespetinhosepeixe na brasaàs margens do rio na linda região deMaquiné, confira abarriga de porcoem Cachoeira do Sul e entenda todo o processo donhoque de mandioquinha, dapizza na churrasqueirae dopancho, o hot doguruguaio, no vinhedo Altos da Pinta,na cidade de Pinto Bandeira."
11,https://www.uol.com.br/nossa/noticias/redacao/2023/06/16/do-boteco-ao-aperitivo-na-italia-conheca-a-arte-de-tapear-pelo-mundo.htm,"Você pode nem imaginar, com sua cerveja gelada e seu bolinho na mão, mas a arte da botecagem surgiu lá no século 13.Reza a lenda que a primeira ""modalidade"" de aperitivo + bebida foi ideia do rei espanhol Afonso 10 — conhecido como ""o Sábio"", vejam só — que ordenou que nenhuma bebida fosse servida nas hospedarias castelhanas sem ser acompanhada por um bocado de comida, para segurar os efeitos do álcool.RelacionadasAtual 'Meca da pizza' teve sua realidade transformada após série na NetflixArepas venezuelanas conquistam o mundo; entenda a popularidade da receitaChef se encantou pelo Vietnã à primeira mordida: ""Aprendi comendo muito""Naquela época, as chamadas tapas consistiam em uma fatia de presunto ou queijo colocada sobre o copo e evitavam também que insetos voadores caíssem no líquido — daí seu nome.Hoje, a combinação é uma marca registrada da gastronomia espanhola, mas não só. Muitos países pelo mundo têm um jeitinho de comer despretensiosamente para chamar de seu — e em São Paulo até ganham seu primeiro festival. Veja alguns deles:EspanhaA cultura das tapasA tapa, seja ela de qualquer tipo ou de qualquer formato, está no dia a dia dos espanhóis.""Então nós usamos o termo 'tapear': 'Vamos tapear?' quer dizer 'vamos num happy hour?', 'Vamos comer alguma coisinha rápida?'. Então aí fica aquela coisa de ir pulando de barzinho em barzinho"", como lembra o chefe catalão Oscar Bosch, chef e sócio do NIT-Bar de Tapas.Huevos rotos (gema curada, espuma de batata, cebola caramelizada e batata crocante), a tapa do Nit - Bar de Tapas para o Festival de TapasImagem: Laís AcsaEle explica que em seu país natal, os bares de tapas ficaram famosos graças a alguma tapa específica. Exemplo é, em San Sebastian, o Bar Nestor, conhecido pela tortilla de batata.""Para você pegar o teu pedaço, você tem que ir lá às onze horas da manhã e reservar o teu pedaço para comê-lo ao meio-dia, meio-dia e meia, que é quando abre. E à noite a mesma coisa: eles servem a tortilla de batata e você tem que estar lá às seis da tarde pra garantir o seu pedaço. É muito louco, sabe?""No La Binha, também em San Sebastian, fazem cinquenta tartas de queso grandes por dia e vão cortando em pedaços.Tapear é, em resumo, comer com as mãos pequenas porções de comida. E Oscar conta que até mesmo a famosa paella tem adaptações para esse momento:Muitos restaurantes fazem uma paella para vinte pessoas e quando sai, eles oferecem nas mesas um 'platito' (um pratinho) de arroz em pequenas porções, o que seria uma tapa de paella.""BrasilO boteco é nosso!Trio ibérico basco, do Bar do Luiz Fernandes, Festival de TapasImagem: Laís AcsaNo Brasil, podemos dizer que podemos comparar as tapas às porções.""As porções tendem a ser maiores. Por aqui não é incomum ouvir reclamações quando chegam à mesa porções pequenas. Quanto aos sabores, o céu é o limite, tudo pode ser uma tapa, ou melhor, umpetiscoa ser compartilhado com amigos"", acredita Catarina Fernandes, gerente geral e neta do fundador do Bar do Luiz Fernandes.E em São Paulo há porçãozinha para todos os gostos, como ela lembra.""A região do estado de São Paulo recebeu especialmente influências das comidas dos migrantes e imigrantes, e isso se traduz em uma riqueza de mistura e diversidade?"", diz.As nossas ""tapas"" mais famosas? A lista é enorme: ""azeitonas temperadas,torresmo, salame, bolinho de carne, pastel, coxinha, bolovo?""Oriente MédioSem pressa e com pão-colherCroqueta de cordeiro, do Shuk Falafel & KebabImagem: Mauro BrossoAo contrário dos brasileiros, que adoram unir todas as etapas de uma refeição num só prato (vide nosso PF de boteco), no Oriente Médio, quem comanda a ""botecagem"" é a mezze (""mezah"" ou ""mezeh"").""A lógica é apreciar com as mãos, e sempre com pão, entre amigos, uma grande variedade de porções"", ensina Mauro Brosso, chef e sócio do Shuk Falafel & Kebab.E nada de talher: o pão é o utensílio de comer e serve para pegar tudo, com a etiqueta correta dos dedos das mãos, pastas, ovo,saladas, picles, kafta, azeite e tudo mais que componha a sua mezze. ""Você rasga o pão, curva ele formando uma colher e usa"", conta Mauro.Com este ritual, a refeição se torna mais demorada, mais cordial, mais comunitária e familiar, porque você precisa compartilhar vários pratinhos.E torna a refeição até mais saborosa porque todo mundo sabe que comer com as mãos faz a comida mais gostosa.""JapãoA arte do happy hourKakiage de cebola (tartare de atum e tomates em kombu e aïolli de n'duja), do Koya 88, para Festival de tapasImagem: Giuliana NogueiraO izakaya tem uma participação muito grande na cultura do japonês. Na saída do trabalho, grupos de colegas de trabalho se reúnem em ""nomiyas"", que é ""lugar para beber"".""Muitos lugares têm um valor fixo que você bebe à vontade durante uma hora, uma hora e meia, e assim acabam tendo pequenas porções para você degustar"", relembra Thiago Maeda, chef do Koya 88.Acompanhando Highball e Lemon Sours (sochus com algum gaseificado), estão os grelhados (como o yakitori de frango), a Potato Sarada (salada de batata) e conservas.Ao contrário do que muitos podem pensar, não é comum versushi, mas sim sashimi e muitos refogadinhos, como o próprio yakisoba, que lá é um prato clássico de bar.ItáliaAperitivo-celebraçãoAlmejas a la marinera e lardo na pizzetta (vôngole confitado e temperado com azeite, salsinha, ciboulette, lardo sobre massa de pizza), do Mila, no Festival de TapasImagem: Laís AcsaComo no Brasil, o aperitivo italiano é uma tradição social onde as pessoas se encontram antes do jantar para desfrutar de comidas leves e bebidas. ""As pessoas costumam fazer um aperitivo em um lugar e jantar em outro"", conta Tito Palone, fundador do Mila.Para comer, uma variedade de petiscos, como queijos, embutidos/carnes frias, bruschettas, crostinis, saladas e legumes grelhados. Para beber, o famoso Aperol Spritz, Negroni, além de vinhos brancos, rosés e outros coquetéis.É uma oportunidade de relaxar e celebrar a vida na companhia de amigos, colegas de trabalho e familiares"".TailândiaComidinhas lúdicasApesar de ter peculiaridades culinárias por região, uma coisa é certa: a Tailândia toda é apaixonada pelas pequenas porções, rolinhos, wraps e dumplings, como os baos.Mauricio Santi, chef e sócio do Ping Yang, dá como exemplo o Miang Kham, uma folha com uma saladinha dentro.Miang Kham (pequeno wrap em folha de Bai Chaplu, com cubos de limão, gengibre, cebola-roxa, amendoim e coco tostados, camarão seco e pimentas, com caramelo de açúcar de palmeira, nampla e polpa de tamarindo)Imagem: Divulgação""A gente serve ela no prato, com uma saladinha que vai em cima, dentro dela, aí a pessoa junta as pontas dessa folha e come num bocado"", explica.Mas as ""tapas"" tailandesas abraçam outros muitos preparos, como espetinhos, conchas, vieiras, ostras, camarão, diversos tipos de bolinho, tipo almôndegas (que podem ser de peixe, porco, ou de frango).Há sempre nesse formato bem lúdico de juntar os ingredientes, 'chuchar' no molho e comer"".Festival de tapas em São PauloSe você mora em São Paulo e ficou curioso sobre a variedade de culturas, hábitos e comidinhas que o mundo come aos bocadinhos, a cidade recebe de 16 de junho a 02 de julho seu primeiro festival de tapas, promovido pelo Escritório de Turismo da Espanha (Turespaña).Serão 25 bares e restaurantes de diferentes estilos e influências oferecemreceitasinéditas para homenagear hábito espanhol. Além disso, tapas inéditas, selecionadas pela curadora e crítica gastronômica Luiza Fecarotta, serão oferecidas e um júri de especialistas vai avaliar as receitas e eleger um vencedor.Mais informações:www.spain.info/pt_BR/festival-tapas-sao-paulo/"
