word,count
ano,106
vinho,106
vinhos,102
uvas,70
safra,58
maior,42
"passado,",38
segundo,34
malbec,34
qualidade,30
pão,30
vinícola,28
rótulos,28
milhões,28
ter,26
brasileiro,24
vinho.,24
ainda,24
rosé,24
apenas,24
vinhedos,24
mercado,24
catena,22
consumidor,22
variedades,22
mil,22
brasil,22
vendas,22
diz,22
bordeaux,20
garrafas,20
vinícolas,20
afirma,18
almaviva,18
passado.,18
–,18
crescimento,18
primeiro,18
cabernet,18
novas,18
começou,18
melhor,18
todos,18
"vinho,",18
"2020,",16
boa,16
agora,16
"malbec,",16
cada,16
"exemplo,",16
têm,16
epu,16
vendido,14
companhia,14
"ano,",14
tintos,14
sauvignon,14
venda,14
elaborados,14
campanha,14
volume,14
grandes,14
país,14
variedade,14
dois,14
anos,14
conta,14
grupo,14
região,14
história,14
empresa,14
deste,14
grande,14
produtores,14
consumo,14
açúcar,14
fim,14
online,12
maturação,12
neste,12
nesse,12
parte,12
vct,12
ideal,12
vez,12
hectares,12
linha,12
serra,12
falta,12
outro,12
podem,12
maiores,12
argentina,12
brancos,12
y,12
brasileiro.,12
deve,12
sempre,12
chegou,12
estoques,12
passado,12
consumidores,12
dessa,12
"agora,",12
nessa,12
preço,12
rótulo,10
marcas,10
2020,10
"salton,",10
garrafa,10
espumantes,10
porque,10
mostrar,10
valor,10
uva,10
foco,10
mudança,10
desde,10
ano.,10
brasil.,10
todo,10
projeto,10
conhecimento,10
e-commerce,10
fazer,10
"anos,",10
concha,10
hoje,10
alguns,10
barricas,10
brasileira,10
três,10
"argentina,",10
fez,10
importação,10
"2021,",10
problemas,10
rosado,10
"gaúcha,",8
francês,8
don,8
muita,8
investir,8
quatro,8
plano,8
todas,8
vender,8
elaborado,8
dados,8
lojas,8
exemplo,8
seguem,8
coisa,8
"rótulos,",8
tanto,8
faz,8
ficou,8
passa,8
cabral,8
"reservado,",8
importadora,8
entender,8
estratégia,8
"garrafas,",8
própria,8
"tintos,",8
aumento,8
canal,8
"brasil,",8
destaque,8
açúcar.,8
devemos,8
início,8
salton,8
origem,8
vinhos.,8
momento,8
época,8
plataforma,8
filial,8
produção,8
"principalmente,",8
"vinhos,",8
década,8
pesquisa,8
5%,8
brasileiros,8
vamos,8
sucesso,8
outros,8
relação,8
"epu,",8
demais,8
trabalhar,8
"almaviva,",8
total,8
rosados,8
acho,8
parceria,8
estoque,8
começo,8
indústria,8
colher,8
cerca,8
duas,6
área,6
enólogo,6
"país,",6
representa,6
nacionais,6
"vinhedo,",6
principalmente,6
tabela,6
"normal,",6
varejista,6
del,6
proposta,6
"catena,",6
próximo,6
primeiras,6
"sauvignon,",6
"argenta,",6
totalmente,6
"tempo,",6
outra,6
pode,6
melchor,6
escolhidas,6
preciso,6
preços,6
seis,6
caminho,6
campanha.,6
"qualidade,",6
bordeaux.,6
tempo,6
vinhas,6
"total,",6
últimos,6
michel,6
cultivadas,6
antes,6
cruzamento,6
diretor,6
enólogos,6
comercial,6
ações,6
"lafite,",6
"linha,",6
vão,6
passou,6
"espumantes,",6
marketing,6
ganho,6
abrir,6
entrada,6
chileno,6
documentário,6
"maturação,",6
rede,6
piedra,6
referência,6
chuva,6
feito,6
parceira,6
percebeu,6
"bajda,",6
deu,6
"mendoza,",6
parceiros,6
primeira,6
nada,6
chilena,6
famílias,6
mercado.,6
ideia,6
acontece,6
números,6
"winery,",6
grand,6
entraram,6
safra.,6
"vinhedos,",6
merlot,6
espaço,6
cresceu,6
argentinos,6
10%,6
2020.,6
casca,6
lançado,6
menos,6
"tardia,",6
investimento,6
quase,6
safras,6
acredito,6
reajuste,6
acordo,6
humanizar,6
pessoas,6
pensando,6
número,6
mesa,6
20,6
leveduras,6
muito.,6
club,6
porcentagem,6
quantidade,6
onde,6
redor,6
"“atualmente,",6
desta,6
10,6
contrário,6
casa,6
dificuldade,6
prática,6
14%,6
consultoria,6
avanço,6
geadas,6
governo,6
entrar,6
queremos,6
define,6
acidez,6
consumidor.,6
maioria,6
loja,6
novo,6
presidente,6
muitas,6
mundo,6
"chardonnay,",6
vêm,6
manter,6
ideal.,6
perceber,6
potencial,6
mesma,6
clima,6
contar,6
2019.,6
movimento,6
acidez.,6
subiu,4
argentino,4
linhas,4
ano?no,4
gente,4
ganharam,4
"período,",4
atingiu,4
"que,",4
"açúcar,",4
salton.,4
casillero,4
regiões,4
mesclado,4
disponível,4
700,4
atenção,4
"eles,",4
provar,4
"pandemia,",4
"álcool,",4
"uvas,",4
rothschild,4
projetos,4
"lado,",4
horas,4
"importador,",4
após,4
comercializado,4
carlos,4
excepcional,4
universidade,4
principal,4
container,4
anterior.,4
sei,4
"nofacebook,",4
2019,4
ivo,4
interessante,4
popular,4
alberto,4
devem,4
superior,4
"arinarnoa,",4
litros,4
segundos,4
vendeu,4
"produtores,",4
ganhou,4
"inovação,",4
newsletter,4
francesa,4
pouget,4
wines,4
zuccardi,4
zapata,4
torno,4
"rosé,",4
juntas,4
igual,4
perder,4
cultivados,4
dia,4
oferta,4
portfólio.,4
novembro.,4
precisamos,4
ceo,4
disponíveis,4
pensar,4
cordilheira,4
importadas,4
90%,4
utilizadas,4
safras.,4
"parceiras,",4
principais,4
desses,4
caíram,4
disse,4
notícias,4
bandeira,4
"estoque,",4
aoneofeed.o,4
100,4
18,4
qualidade.,4
negociações,4
entrou,4
mapa,4
"referência,",4
longo,4
"mas,",4
certamente,4
vinícola.,4
demanda,4
sul,4
abordar,4
comparação,4
espumante,4
países,4
enologia,4
mantendo,4
bem,4
touriga,4
equipamento,4
diariamente.,4
20%,4
"blanc,",4
"matéria-prima,",4
dono,4
desenvolvimento,4
"uvibra,",4
uva.,4
importado,4
talvez,4
sommeliers,4
testar,4
começa,4
baixos.,4
altos.,4
"1990,",4
paul,4
"início,",4
muitos,4
recursos,4
explica,4
"depois,",4
amadurecimento,4
consulting.,4
"decidiu,",4
"vinhas,",4
conhecidas,4
"preço,",4
então,4
importados,4
fechamento,4
concreto,4
expand,4
"nacional,",4
primeiros,4
"2019,",4
"ponta,",4
caixas,4
reduzindo,4
"2018,",4
vem,4
passamos,4
"calor,",4
físicas,4
traz,4
convencer,4
sociais.,4
notwittere,4
atendentes,4
"milhões,",4
sugerido,4
trazem,4
site,4
perspectivas,4
quarentena,4
vendia,4
diversas,4
mostra,4
oneofeednas,4
redes,4
geração,4
espumantes.,4
deunir,4
tamanho,4
data,4
meses,4
propriedade,4
status,4
wine,4
adega,4
escala,4
fronteiras,4
especialista,4
atrás,4
núcleo,4
colocado,4
salton:,4
pequenos,4
"margaux,",4
custo,4
fundamental,4
ganhando,4
adição,4
vale,4
"infinita,",4
talento,4
"fermentação,",4
junto,4
mouton,4
trazia,4
nicolás,4
brancas,4
comum,4
cru,4
desempenho,4
batizado,4
existe,4
"cotiporã,",4
decidimos,4
vendendo.,4
santa,4
grupos,4
chama,4
"stortti,",4
veio,4
(o,4
argentinos.,4
"espumante,",4
programa,4
objetivo,4
trajetória,4
dá,4
descaminho,4
"química,",4
"marca,",4
distante,4
receber,4
sabemos,4
produto,4
resultado,4
preconceito,4
alta,4
"marketplace,",4
"pimentel,",4
família,4
vinificamos,4
final,4
lembra,4
metade,4
tinto,4
"andes,",4
cinco,4
of,4
solidez,4
pequenas,4
mostrou,4
2021,4
vinhos-base,4
maneira,4
degustar,4
"toro,",4
chegada,4
melhores,4
world,4
realmente,4
dez,4
terroir,4
“o,4
produzindo,4
uvas.,4
porcentagens,4
"importações,",4
acabou,4
"nolinkedin,",4
destino,4
doyoutubee,4
"brancas,",4
"abril,",4
ficaram,4
15%,4
algo,4
"menor,",4
"diablo,",4
tomou,4
fino,4
verba,4
premiuns,4
premier,4
tintas,4
atualmente,4
et,4
assine,4
faturamento,4
aoc,4
dobrou,4
vídeos,4
paladar,4
custos,4
engloba,4
jovens,4
razões,4
12,4
campeão,4
"vinícola,",4
2021.,4
casos,4
malbecs,4
"excepcional,",4
base,4
quis,4
ajudar,4
"louzada,",4
elaborar,4
plena,4
importou,4
profissionais,4
representante,4
pesquisas,4
garrafas.,4
“família,4
começaram,4
menor,4
estilo.,4
originária,4
fazem,4
assista,4
significa,4
sobre,4
"classé,",4
30%,4
la,4
blend,4
"primeiro,",4
trabalham,4
"1980,",4
médio,4
mão,4
chilenos,4
próxima,4
uvibra,4
“mas,4
desconhece,4
marques,4
deixamos,4
"hobbs,",4
classificados,4
ponto,4
pinot,4
"história,",4
vários,4
consultor,4
nome,4
noinstagram.,4
"litros,",4
mauzac,2
maio.,2
voltou,2
travel,2
argentina.“nós,2
fermentar,2
divisão,2
orgulha-se,2
125,2
preço.,2
tons,2
"marselan,",2
concorrente,2
"26,5%.as",2
incluir,2
geral,2
gaúcha.“queremos,2
vinificação.claro,2
fermentação,2
aval,2
terra,2
portugal,2
oficializou,2
conseguirem,2
seleção,2
cahors,2
repaginada.,2
compras,2
assim,2
tannat;,2
"lojas,",2
poderia,2
motivados,2
tradições.nesse,2
começamos,2
honrar,2
nova,2
importadores.,2
promoções,2
europeus,2
moda,2
importamos,2
vendida,2
adaptação,2
gargalo,2
rotulagem,2
"descontente,",2
marketplace,2
centenária.,2
vagão,2
gregório.gregório,2
"serão,",2
"perfeitos,",2
genéricos,2
boa.,2
comprar,2
"jardins,",2
experimentar,2
"baixos,",2
"azevedo,",2
sendo,2
atrai,2
15,2
plantio,2
toda,2
razoável.,2
empresas,2
local,2
1878.esse,2
centro,2
2016,2
curso,2
chardonnay.mas,2
inspiração,2
"comida”,",2
ruim.,2
"dólar,",2
elaboravam,2
"cristal,",2
frutados.ao,2
inauguração,2
pivô.,2
armazém,2
"todovino,",2
conquistou,2
agradar,2
"países,",2
estados,2
"315,7",2
pai,2
sonhe,2
próprio,2
pedido,2
haut-brion.mas,2
cresceram,2
reunimos,2
"latina”,",2
selecionou,2
11,2
"brasil.agora,",2
algumas,2
"6,4%",2
afirma.confira,2
exatos,2
suprimentos,2
exceções,2
outras,2
"vinho.sim,",2
engarrafados,2
usá-lo.,2
ajuda,2
"distribuição,",2
"cor,",2
valem,2
repassa,2
carga,2
ação,2
"casino,",2
"1,1",2
philippe,2
categoria,2
desembolsar,2
distribuição.,2
plantados,2
grandeschâteauxde,2
mal,2
definirem,2
"verdot,",2
covid.,2
[do,2
"1997,",2
concentrados,2
terreno,2
oval].,2
gigante,2
mudou.,2
"elaborados,",2
exemplos.a,2
sigilosa.,2
finca,2
alcançar,2
continua,2
hídrico,2
"29%,",2
momentos,2
isso.e,2
empresa.um,2
"bramare,",2
melhorar,2
últimas,2
fatia,2
tropical,2
estresse,2
começando,2
repassou,2
focada,2
robert,2
continuam,2
27%,2
receita,2
experiências,2
30,2
"comercializado,",2
poucas,2
"lote,",2
madeira,2
brilha,2
regras,2
conhecidos,2
ver,2
precisa,2
vida,2
participou,2
"gaúcha?atualmente,",2
batizou,2
pilares,2
orientação.,2
formavam,2
45%,2
"vermelhos,",2
supérieur).as,2
nunca,2
janeiro,2
particular,2
"correto,",2
borbulhas].,2
água,2
toro.a,2
baixa,2
vinificados,2
permitidas.de,2
apareceram,2
pós-pandemia.,2
oblendcom,2
2021?colhemos,2
viramos,2
importar,2
"interfood,",2
vct.,2
40.,2
argentina.nas,2
amadurecer,2
latour,2
"acreditem,",2
"dão,",2
continuou,2
medo,2
segunda,2
2018.implementada,2
cheio.,2
partir,2
“eu,2
coincidiu,2
"mendes,",2
reduzem,2
(aqueles,2
"enológicos,",2
vigor,2
qualidade?as,2
"permitir,",2
passado.à,2
atual,2
"aoneofeed,",2
elabora,2
adaptam,2
bastante,2
"tinto,",2
língua,2
exclusividade,2
corresponde,2
pietro,2
grenache.nas,2
colheita,2
proteger,2
seugrand,2
2017,2
terço,2
999filial,2
160,2
"supostamente,",2
pandemia.,2
anteriores,2
locais.em,2
vinhas.isso,2
"parceira,",2
informações,2
operacional,2
santiago,2
"mapuche,",2
qualidade.são,2
"cedo,",2
"safra,",2
doblend.,2
"casa,",2
consumido,2
alimentar,2
apelidados,2
"4,6%",2
"exterior,",2
 foram,2
"hectares,",2
tinto.além,2
bom”pode-se,2
"físicas,",2
século,2
"sustentabilidade,",2
"rótulo,",2
voltadas,2
184,2
focar,2
bordeaux.as,2
"contar,",2
mínimo].,2
formaturas,2
luiz,2
ficam,2
aqui.,2
"1,5",2
"grupo,",2
"tradicional,",2
segurar,2
chamados,2
irem,2
explorar,2
"liliorila,",2
passadoos,2
“safra,2
mudar.,2
resultado.,2
enquanto,2
bebida,2
iniciativas,2
agreloa,2
definido,2
esquecer,2
procurar,2
controlada,2
taxa,2
abrindo,2
visuais,2
visual,2
havia,2
"999,",2
52,2
capita,2
recursos.,2
"augusta,",2
gregório,2
conhecimento.,2
vinho.é,2
35,2
"perspectiva,",2
tinto.,2
uvibraconfira,2
termina.quais,2
"pontual,",2
aromas,2
barricas.,2
inicialmente,2
período.“os,2
ano.já,2
2000,2
cervejas,2
intactos.,2
padrão,2
fechadas.,2
formou,2
"comemorada,",2
parecido.,2
[rótulo,2
eventual,2
segredo,2
inao,2
recuperaram,2
questão?foi,2
simples.,2
portugal.,2
"roederer,",2
valor.,2
masnão,2
absorvido,2
tanque,2
"hoje,",2
"quilos,",2
louzada.siga,2
marcas.“durante,2
desovar,2
"março,",2
sul],2
2023.,2
"200,",2
estrangeiros,2
"entrevista,",2
esquece,2
"núcleo,",2
toro.,2
ícones.quatro,2
décadas,2
ir,2
razoável”mesmo,2
frente,2
"davct,",2
pimentel.uma,2
mulheres,2
definindo,2
atrapalha,2
marcando,2
per,2
corrente.,2
"maipú,",2
110,2
“terroir”,2
mil.alguma,2
regra.,2
consumidor.a,2
"principal.atualmente,",2
syrah,2
apegados,2
tão,2
"trabalho,",2
parceiras,2
homenagem,2
"técnico,",2
colhemos,2
comercializada,2
"concha,",2
elaborando,2
franc,2
"raro,",2
"novamente,",2
mendozano,2
"filmes,",2
irmão,2
bom.,2
enólogas,2
entrevista:qual,2
“terroir”.qual,2
sanidade.,2
importantes,2
"empresa,",2
"1981,",2
salton.produzido,2
friou.manuel,2
"trás”,",2
retorno,2
prestígio.o,2
adão,2
básicos.,2
fatores,2
fermentarem,2
"alvarinho,",2
blanc,2
calor,2
deunir.,2
conseguia,2
"sem,",2
dependemos,2
acatenacomeçou,2
"aqui,",2
"“terroir”,",2
"talento,",2
"youtube,",2
"brancos,",2
extração,2
pandemia,2
conseguiram,2
próprias.siga,2
concorrentes,2
líquida,2
aprendendo,2
elemento,2
lacuna,2
temperatura,2
comentários,2
"frança,",2
livre,2
37%,2
"mar,",2
conforme,2
gosta,2
comércio,2
lojistas,2
300,2
"sabores,",2
coloquei,2
“agora,2
polpa,2
"verdes,",2
"colombard,",2
"procura,",2
discute,2
faixa,2
desembolso,2
"jeunon,",2
"evolução,",2
trás,2
surfar,2
"comparar,",2
viajava,2
comprador,2
"frente,",2
"blends,",2
tv,2
selecionar,2
ícones,2
autorizou,2
américa,2
disponibilizando,2
dilema,2
sustentabilidade.,2
"series,",2
queria,2
"2012,",2
traçado,2
executivo,2
“teve,2
baroque,2
aoneofeedgregório,2
"marcou,",2
permitidas,2
criação,2
vinhedos.,2
único,2
"melchor,",2
impensável,2
denominações,2
"primavera,",2
formação,2
"destaca,",2
parecia,2
"vinícola],",2
"volumosa,",2
respondem,2
70,2
turístico,2
perderem,2
complicados.,2
audiência.,2
volume?ainda,2
infinidade,2
"10%,",2
2018.esse,2
estará,2
procuramos,2
decabernet,2
negócios,2
confrarias,2
"vendas”,",2
"biologia,",2
trechos,2
antes.na,2
"elaborou,",2
resultar,2
"9,7",2
aborda,2
uva.“é,2
chegar,2
almavivaa,2
andina,2
manter.,2
"média,",2
“e,2
enviados,2
"2,78",2
estimular,2
estratégias,2
"embalagem,",2
boutique.,2
comissão,2
safra?pela,2
valiam,2
"é,",2
oblenddo,2
negociantes,2
"apresentar,",2
faziam,2
(para,2
safras”,2
100%,2
documentário?muito,2
fevereiro,2
bons,2
seguido,2
ágio,2
terceiro,2
dias.,2
correr,2
apresentada,2
louzada,2
disputará,2
afastar,2
afirmar,2
vinhedo.,2
sessão,2
revelar,2
"volume,",2
toro,2
mudando,2
"inao,",2
"origem,",2
140,2
17,2
negócio.,2
"chile”,",2
câmbio.,2
sangrias,2
separadamente.,2
"grécia,",2
selecionadas,2
"crescimento,",2
claro,2
integração,2
aproximadamente,2
variedade.,2
estudos,2
desenvolvimento.,2
13%.,2
título,2
dirá.,2
aproveitar,2
conversou,2
volumes,2
açúcarvendeu,2
clientela.,2
colocou,2
prestada,2
120,2
"2017,",2
aqui.degustações,2
head,2
comprar.,2
bom.“o,2
agradável,2
cabral.outro,2
frança.,2
cepas,2
pioneiros,2
exemplos.em,2
"2,2",2
dessas,2
caso,2
entrevista:quais,2
tendo,2
usada.,2
antecipamos,2
"opções,",2
"consumidores”,",2
plana,2
documentáriocom,2
relatos,2
federal,2
entramos,2
vantagem,2
"experiências,",2
bactérias,2
surpresa,2
divulgado,2
criando,2
"cepas,",2
"zuccari,",2
através,2
"capuzzi,",2
líderes,2
enólogo.o,2
amadurece,2
ruim.”o,2
volume.com,2
"estratégia,",2
trazida,2
paulo.,2
mais:,2
"zuccardi,",2
aconcha,2
"tudo,",2
acontecia,2
conquistamos,2
deixou,2
governador,2
opão,2
quer,2
contato,2
forma,2
modesta,2
falávamos,2
casino,2
mundiais,2
haviam,2
"30,4%",2
josé,2
sabe,2
youtube,2
pedra,2
"chile.tradicionalmente,",2
"adiantou,",2
imagem,2
"“hoje,",2
escola,2
juntando.,2
união,2
institucional.,2
entregas,2
apostar,2
uco.,2
"metros,",2
cultura,2
"vinificar”,",2
locais,2
vinificar,2
restaurantes,2
arthur,2
destacam,2
carvalho.,2
"acidez,",2
nomes,2
causa,2
525,2
9.746,2
caxias,2
premium.com,2
diversos.,2
enfrentando,2
alma,2
"rosé”,",2
"viníferas),",2
positiva.,2
dado,2
disponibilizam,2
"atualidadehoje,",2
curva.,2
ruptura,2
peças,2
"cordero,",2
acrescentados,2
vender.,2
"paraguai,",2
pimentel.o,2
demorou,2
italianos,2
“estamos,2
nacional.,2
"posteriormente,",2
"210,4",2
"garrafa,",2
meados,2
bom,2
papelão.,2
criou,2
"pisano,",2
exato,2
revela,2
"pontos,",2
"2.012,",2
"passada,",2
"vitivinicultura,",2
floração,2
repassar.,2
[o,2
"sobreviver,",2
rodrigo,2
açúcar.nesse,2
brasilo,2
identificarem,2
virou,2
reforçada,2
equipe,2
maceração,2
instalar,2
liderou,2
"filoxera,",2
chegado,2
elas”mas,2
"universidade,",2
baron,2
brasil.o,2
sindicato,2
"quantidades,",2
"escolas,",2
prematuro,2
crescendo,2
infinita,2
viña,2
"complexidade,",2
2019.nesta,2
trabalho.,2
acredito.o,2
safra).“nossa,2
"indicadores,",2
zapata.pelo,2
"diferentes,",2
fábrica.quem,2
pioneira,2
60,2
videira,2
operação,2
explicam,2
"castets,",2
vindas,2
migrou,2
faixas,2
especializada,2
2020.o,2
sido,2
tannat,2
"longa,",2
"tanque,",2
desenvolveu,2
"mundo,",2
"fato,",2
"expand,",2
comprasse,2
colhida,2
elaborada,2
ano.no,2
traçando,2
longa,2
"equipe,",2
qualidade.nomes,2
várioschâteauxaderiram,2
internacionais.os,2
pede,2
propriedades,2
desafio,2
"positivo,",2
itens,2
inaugurada,2
franceses,2
almaviva.a,2
importador,2
perfis,2
safras”.,2
"estacionada,",2
tráfego,2
"on-line.“primeiro,",2
[tanques,2
contente,2
fornecimento,2
ele.há,2
açucares,2
reunião,2
atuar,2
cena,2
perdure.mas,2
plantar,2
"leveduras,",2
rosés,2
combinar,2
rótulo.as,2
liberada,2
souberam,2
"site”,",2
brasileiro.um,2
champanhe,2
importante,2
investido,2
tendem,2
"atualmente,",2
lugar,2
mistral.não,2
"queda,",2
representou,2
"modelo,",2
conversando,2
técnico,2
aparecer,2
"interessado,",2
atrás.,2
frança,2
"xix,",2
argentinasegundo,2
próximos,2
pesquisadores.,2
conseguiremos,2
"32,90.",2
consulting.o,2
imutável,2
sete,2
"setor,",2
facilidade,2
"livre,americanas.comemagazine",2
inglaterra,2
maurício,2
"coadjuvante,",2
conhecida,2
"próprio,",2
promoção,2
tintos.“estávamos,2
buscar,2
contrário.,2
centenária,2
comparativos,2
quais,2
chegará,2
ranking,2
bordalês.,2
"opinião,",2
marcado,2
chilenaconcha,2
diminuiu,2
"estocado,",2
fixo,2
estabelecimento,2
longevos,2
escapando,2
secretário,2
"dizer,",2
socorreram,2
"501,1",2
loja.,2
americano,2
indígenas,2
nacional,2
feliz,2
representava,2
comemorativa.,2
completados,2
porta,2
ficar,2
acompanhava,2
audiência,2
dado.,2
genéricos.,2
iríamos,2
paradas.,2
255%,2
ar,2
engenheiro,2
"números,",2
"chileno,",2
obter,2
caros,2
gosto,2
atinja,2
"sustentável,",2
"cegas,",2
procura,2
maior.,2
7%,2
caro,2
subproduto,2
onda,2
efeitos,2
chuvas,2
vinhedo.assim,2
traduzido,2
nesta,2
“era,2
"bonito,",2
próprioblenddo,2
desejo,2
solicitou,2
mateus,2
brasil.no,2
finos,2
"expressivos,",2
rio,2
parceiros.,2
emplacaram,2
contratado,2
270,2
reunir,2
[é,2
sob,2
"fábrica,",2
imigrantes,2
dependem,2
frescor,2
discussões,2
"boa,",2
produtora,2
dechâteauxque,2
pedi,2
sub-produto,2
complexidades,2
institut,2
treinamento,2
bilhão,2
impulsionados,2
"carmenère,",2
estoque.,2
esperar,2
comercializados,2
"1995,",2
destinam,2
clássicas,2
"fevereiro,",2
uvibra?esses,2
posso,2
plantada,2
"simples,",2
toso.,2
"projetos,",2
ostentado,2
oferecer,2
"sommeliers”,",2
"2011,",2
cru.o,2
comercializando,2
carruades,2
associação,2
mentalidade.,2
"quarentena,",2
graças,2
concentrar,2
técnica.com,2
histórica,2
"galícia,",2
leigo,2
2020.e,2
compete,2
maximiliano,2
"julia,",2
trouxe,2
apresentado,2
elementos,2
national,2
primavera.a,2
fôlego,2
fundovitis,2
porte,2
destaques.,2
"batatas”,",2
"(rs),",2
superaram,2
torotem,2
650,2
"1855,",2
2020?foi,2
quanto,2
emmasterclassese,2
"uztarroz,",2
vendemos,2
azienda,2
compensa,2
sauvignone,2
lilla,2
"co-fermentação,",2
apresentá-lo,2
"2,13",2
outubro.,2
vasilhame.,2
"consumo,",2
praga,2
"favorável,",2
box,2
usamos,2
"vento,",2
2017ainda,2
embalagem,2
remetam,2
noblenddo,2
pódio,2
160a,2
coordena,2
450,2
“um,2
supermercado,2
milhões.,2
sócio,2
louis,2
câmbio,2
cultivados.,2
"desenvolvimento,",2
inaugurado,2
"começo,",2
quilos.,2
equivalente,2
testando,2
altos,2
achava,2
oferecidos,2
"lilla,",2
abre,2
antiga,2
"realidade,",2
sim,2
“foi,2
mãos,2
diferente,2
"32,4%,",2
supermercado.os,2
acima,2
degustações,2
riesling,2
álcool”e,2
vinícola.“o,2
"jovens,",2
desejada,2
resultados,2
des,2
seca,2
argentino.,2
produtor,2
olhar,2
colocamos,2
enólogos.,2
"brasileiro,",2
famosa,2
cálculos,2
comprado.,2
festas,2
fábrica,2
"pequena,",2
fundamentais,2
"terroir,",2
"agricultura,",2
"boas,",2
conveniências,2
"básica,",2
"assim,",2
zapata.mas,2
inox.,2
"qualité,",2
quentes.,2
ano?o,2
"dezembro,",2
apreensões.,2
motivo,2
quinta,2
americanos,2
manejo,2
rendeu,2
bebida.em,2
tabelas.vão,2
"lavoura,",2
bebida.a,2
"argentino,",2
nosostros;,2
irregular,2
preocupar,2
vendas.,2
"vírus”,",2
mercados,2
"vez,",2
país.,2
nível,2
tanque.,2
"3.000,",2
"muscadelle,",2
climática.,2
noir,2
açúcarmas,2
descoberta,2
rolland,2
festividades,2
álcool.,2
2.900.o,2
"portugal,",2
reconvertido,2
"paulo,",2
"encerrada,",2
memória,2
vezes,2
viagens,2
zapata.a,2
análise,2
"justo,",2
números.,2
"morelatto,",2
"silvério,",2
bajda.,2
gostar.,2
falar.,2
demercado,2
merecesse,2
funcionamento,2
"terroir”,",2
elevadíssimo,2
consequência,2
"26,4",2
25%,2
mesclar,2
política,2
gerações,2
atender,2
imaginar,2
brutas,2
pessoas.,2
"domenico,",2
exceção.mas,2
nasceu,2
direção,2
"etapa,",2
internacional,2
"cobos,",2
instituto,2
núcleo?não,2
resume,2
excesso,2
agricultura,2
"produtor,",2
"loja,",2
mudas,2
vinhedos.mas,2
pandemia.em,2
acelerado,2
"2009,",2
"zapata.assim,",2
enoturismo,2
l’origine,2
década.,2
500,2
cai,2
produtiva.,2
trabalho,2
equilibrados,2
lafite.,2
vinho.o,2
patamar,2
fomento,2
segue.,2
bordalês,2
consumidor.”,2
breve,2
"separadamente,",2
conduzida,2
açúcarem,2
97,2
ovos,2
surpreso,2
"abs-sp.atualmente,",2
durante,2
blendas,2
expansão,2
reação,2
fornecia,2
respondeu,2
semanas,2
"pirâmide,",2
cor,2
ugni,2
tirando,2
média,2
"consulting,",2
"vct,",2
"filial,",2
expressivo.o,2
bem-feita.qual,2
ferramenta,2
pega,2
exportações,2
"ano”,",2
pouca,2
"uvas”,",2
espanha.,2
rótulos.,2
agosto,2
"deles,",2
chegaram,2
adotada,2
chaves,2
várias,2
"escuro,",2
tributária.com,2
familiar?2020,2
terminaria,2
malbec.,2
vinificação,2
seguirá,2
"então,",2
técnicas,2
receitas,2
reduziu,2
50%,2
marketplaces,2
desistindo,2
pesquisadores,2
contava,2
pressa,2
dezembro,2
esgotaram.,2
pequeno,2
argentina.,2
"negócio”,",2
desabastecer,2
"637,90.",2
9,2
nesti,2
"fundovitis,",2
venda.,2
clique,2
iriam,2
excelência,2
braço,2
definido.,2
"fresco,",2
ótimo,2
grenache.,2
bordeaux;,2
colhida.a,2
"ainda,",2
pouco,2
produtos,2
32,2
"claro,",2
escolha,2
"gastronômico”,",2
mudar,2
2000.,2
"cepa,",2
unidos.,2
"11,3",2
"natural,",2
ken,2
cobiçado,2
produtores.,2
garrafas?em,2
sérios,2
anseio,2
usadas,2
supérieur,2
toneladas,2
usar.no,2
1,2
“cabralzinhos”.,2
"plantados,",2
único.,2
dochile.,2
"aumento,",2
"vin,",2
"brasileira,",2
estudavam,2
consumidores.,2
chamado,2
aumenta,2
luiza.rodrigo,2
1977.,2
"companhia,",2
desejo.um,2
trabalha,2
"ovo,",2
evento,2
"fronteiras,",2
digo,2
"forte”,",2
modificar,2
"especial,",2
day.instituída,2
inédito,2
bordeaux.o,2
restaurante,2
alcançou,2
fundador,2
"rumos,",2
comercialização,2
inteiros,2
variam,2
elevaram,2
"anos),",2
balanço,2
passageiro.,2
minoritário,2
"44,4",2
seguinte,2
aumentar,2
"safras,",2
junção,2
"século,",2
"parker,",2
vinho.a,2
mistral,2
concentrarem,2
"sindicato,",2
bebidas?acredito,2
diretamente,2
atingindo,2
gaúcha.,2
agregar,2
"campanha,",2
"noir,",2
"rothschild,",2
daí,2
"chilenos,",2
documentários.o,2
vendem,2
delas.,2
lado,2
postergada,2
atrativos,2
prateleiras.,2
interessados.,2
estudamos,2
"12,5%,",2
considera,2
peça,2
dará,2
portugal;,2
batizada,2
"seguir,",2
olhando,2
volta,2
"awine,",2
uva.já,2
formato,2
"resultado,",2
cadeia,2
exportados,2
entregando,2
dinheiro.,2
resíduos,2
faltas,2
assemblagem,2
estocadas,2
estratégico,2
fenômeno,2
uruguaia,2
pedindo,2
isso.,2
rua,2
entidade,2
achaval,2
consistente,2
encontrar,2
experiência,2
"geral,",2
átila,2
ótica,2
"polpa,",2
doenças,2
"intefood,",2
entregar.,2
segue,2
"disso,",2
"importadores,",2
"altitude,",2
bento,2
"mês,",2
escolhido,2
terceira,2
anos.a,2
entrevista,2
ponta,2
"outro,",2
2015,2
"estimativa,",2
concentraram,2
possíveis,2
(syndicat,2
"frutados,",2
questões,2
cobrado,2
"balbo,",2
gonçalves,2
responsável,2
uso,2
filiais,2
fase,2
"supérieur,",2
subir,2
poucos,2
roteiro,2
diversidade,2
familiar,2
fala,2
vinhedo,2
semana,2
assumiu,2
menores,2
promete,2
comercial.como,2
aí,2
nobreplace,2
apostas,2
exposta,2
32%,2
encorpados.,2
reclamava,2
dando,2
ritmo,2
qualidade.o,2
"enocultura,",2
"definida,",2
"melhores,",2
grupo?não,2
mudou,2
possam,2
compra,2
março.,2
"bordeaux,",2
flora.,2
ciro,2
"outubro,",2
ideias,2
pago,2
"concentrados,",2
vinificação.,2
pensar.a,2
toneladas.,2
vinícolas.,2
"desespero,",2
"preocupados,",2
brasil.a,2
agrônomo,2
"anualmente,",2
ferrer,2
estudo,2
"85,5%",2
"reservas,",2
grupo.,2
vistos,2
estilo,2
mostram,2
pífia,2
"partir,",2
terroir.o,2
acredita,2
"peumo,",2
garrafa.,2
“a,2
"diante,",2
"1853,",2
400,2
elas.,2
"importados,",2
visava,2
adoção,2
entendimento,2
adaptou,2
contexto,2
"baratos.atualmente,",2
"destino”,",2
premium,2
além,2
"agrelo,",2
queríamos,2
"prensagem,",2
final.“o,2
"gostar”,",2
otimista,2
tardia.,2
château,2
sorte,2
obrigatório,2
engarrafado,2
“ter,2
prêmio,2
marketing.diante,2
thiago,2
corte,2
adianta,2
"continua,",2
termina,2
215,2
900,2
agora?foi,2
públicos,2
perfil,2
"vinho-base,",2
us$,2
2020:,2
falar,2
nacional.os,2
"clientes,",2
marco,2
vinha,2
susana,2
chamar,2
13,2
presença,2
colhidas,2
chamada,2
"porto,",2
"conceitos,",2
muita.comparado,2
"refeição”,",2
objeto,2
reduzidos,2
desenvolvidos,2
cabral.,2
"todo,",2
"momento,",2
“terroir”.,2
14,2
elogios.,2
rosados.há,2
angélica,2
bordalesas,2
"verdade,",2
"passou,",2
"parceiros”,",2
provei.,2
difere,2
força,2
"frio,",2
marketing.,2
diferencial,2
chile,2
quarta,2
"fazendo,",2
alavancavam,2
"cisplantino,",2
pronto,2
"elevado,",2
"sommeliers,",2
“sabemos,2
países).,2
"ciclos,",2
inca,2
prensadas,2
conhecedores,2
tango,2
petit,2
estudadas,2
promover,2
trouxeram,2
chegando,2
universidades.isso,2
conhecemos,2
vice-presidente,2
financeiros.ao,2
minimizar,2
lei,2
investidores.,2
maria,2
etapa,2
resistência,2
preços?vamos,2
grandes.além,2
corredores,2
decarménère.,2
ícone,2
"distintos,",2
capacidade,2
sair,2
tradiçãoo,2
agronômica,2
"toso,",2
"sol”,",2
pontos,2
exemplo.mas,2
malbec.“sabemos,2
fará,2
"almaviva”,",2
"vendido,",2
continuará,2
fato,2
"iceberg”,",2
legado,2
decisão,2
solicitação,2
"carbônica,",2
acompanhar,2
formam,2
"sémillon,",2
saíram,2
agressiva.,2
pensamento.,2
"31%,",2
129,2
divididas,2
localização,2
começar,2
"bagé,",2
saltonno,2
"friou,",2
aoneofeed.“sempre,2
insumos.,2
"verba,",2
teoricamente,2
chile.vinícolas,2
desse,2
entram,2
"vinificações,",2
patamar.a,2
grande.,2
variação,2
dar,2
encaixam,2
bebida.deunir,2
insumos,2
transformasse,2
exportava,2
prosecco,2
tintas?a,2
"revelo,",2
"usadas,",2
especial,2
"catena”,",2
matéria-prima.,2
terminaram,2
ganha,2
bagagem,2
altamira,2
questão,2
diferença,2
planejados,2
avanços,2
vinho.já,2
dúvidas,2
colaboração,2
"4.499,90.para",2
pimentel.,2
"antes,",2
normalmente.,2
manuel,2
carmin,2
"frescas,",2
"gris,",2
tantas,2
valores,2
trabalhamos,2
“queremos,2
40%,2
"malbec.hoje,",2
andino.além,2
"importou,",2
co-fermentação.,2
hectares.,2
altura,2
chile.,2
indireta,2
dificilmente,2
carmenères,2
“estávamos,2
única,2
alavanca,2
completa,2
lenda,2
percebe,2
pressão,2
suco,2
retire,2
chuvosos,2
superiores,2
"serra,",2
"wine,",2
"cambial”,",2
50,2
exposição,2
departamento,2
atípico.,2
"especiais,",2
mundo.”a,2
recebeu,2
esforço,2
fluxo,2
europa?essas,2
aumentaram,2
países.,2
decidi,2
"solo,",2
faltar,2
gratuito,2
"física,",2
europeus.no,2
"análise,",2
brasileiro?às,2
utilizar,2
passado.mas,2
madurar,2
"–,",2
naqueles,2
refletisse,2
"premiados,",2
linha?no,2
selecionadas.,2
nacional?o,2
cofres,2
ingleses.,2
divulgação,2
conhecido,2
vinhedos.não,2
utiliza,2
crescente,2
"processo”,",2
